IID042790.jpg,PID004364.jpg
IID004985.jpg,PID000363.jpg
IID004154.jpg,PID000290.jpg
IID066584.jpg,PID007747.jpg
IID008711.jpg,PID000791.jpg
IID035601.jpg,PID003642.jpg
IID003393.jpg,PID000228.jpg
IID067827.jpg,PID007864.jpg
IID036203.jpg,PID003695.jpg
IID025652.jpg,PID002462.jpg
IID048020.jpg,PID004953.jpg
IID010918.jpg,PID001001.jpg
IID019058.jpg,PID001575.jpg
IID057794.jpg,PID006196.jpg
IID033333.jpg,PID003409.jpg
IID048667.jpg,PID005035.jpg
IID040526.jpg,PID004070.jpg
IID009827.jpg,PID000915.jpg
IID042928.jpg,PID004377.jpg
IID032620.jpg,PID003318.jpg
IID013563.jpg,PID001179.jpg
IID014194.jpg,PID001235.jpg
IID008410.jpg,PID000760.jpg
IID068973.jpg,PID007960.jpg
IID026556.jpg,PID002537.jpg
IID047206.jpg,PID004819.jpg
IID016062.jpg,PID001365.jpg
IID071130.jpg,PID008195.jpg
IID031821.jpg,PID003218.jpg
IID030368.jpg,PID003036.jpg
IID010753.jpg,PID000991.jpg
IID036004.jpg,PID003679.jpg
IID067333.jpg,PID007819.jpg
IID016378.jpg,PID001383.jpg
IID059457.jpg,PID006460.jpg
IID057466.jpg,PID006162.jpg
IID002410.jpg,PID000158.jpg
IID022008.jpg,PID001977.jpg
IID057879.jpg,PID006206.jpg
IID000079.jpg,PID000004.jpg
IID023527.jpg,PID002187.jpg
IID072680.jpg,PID008342.jpg
IID030895.jpg,PID003096.jpg
IID049204.jpg,PID005101.jpg
IID072727.jpg,PID008347.jpg
IID051622.jpg,PID005420.jpg
IID044765.jpg,PID004581.jpg
IID008561.jpg,PID000775.jpg
IID058265.jpg,PID006250.jpg
IID021310.jpg,PID001881.jpg
IID076131.jpg,PID008618.jpg
IID047275.jpg,PID004834.jpg
IID044715.jpg,PID004576.jpg
IID015503.jpg,PID001335.jpg
IID057723.jpg,PID006188.jpg
IID057163.jpg,PID006127.jpg
IID073061.jpg,PID008373.jpg
IID063437.jpg,PID007113.jpg
IID056261.jpg,PID006000.jpg
IID077306.jpg,PID008710.jpg
IID008137.jpg,PID000729.jpg
IID068351.jpg,PID007912.jpg
IID050000.jpg,PID005211.jpg
IID005629.jpg,PID000435.jpg
IID049374.jpg,PID005127.jpg
IID015307.jpg,PID001323.jpg
IID027802.jpg,PID002672.jpg
IID067259.jpg,PID007811.jpg
IID060820.jpg,PID006653.jpg
IID026745.jpg,PID002553.jpg
IID005583.jpg,PID000429.jpg
IID068444.jpg,PID007920.jpg
IID009179.jpg,PID000842.jpg
IID041700.jpg,PID004249.jpg
IID031584.jpg,PID003185.jpg
IID043395.jpg,PID004414.jpg
IID000134.jpg,PID000007.jpg
IID072649.jpg,PID008340.jpg
IID050375.jpg,PID005259.jpg
IID054536.jpg,PID005777.jpg
IID013448.jpg,PID001170.jpg
IID049190.jpg,PID005100.jpg
IID056865.jpg,PID006082.jpg
IID043957.jpg,PID004477.jpg
IID003337.jpg,PID000224.jpg
IID023777.jpg,PID002222.jpg
IID019002.jpg,PID001571.jpg
IID030687.jpg,PID003073.jpg
IID055797.jpg,PID005943.jpg
IID010662.jpg,PID000984.jpg
IID008128.jpg,PID000728.jpg
IID050306.jpg,PID005252.jpg
IID007584.jpg,PID000671.jpg
IID033500.jpg,PID003431.jpg
IID059940.jpg,PID006551.jpg
IID077538.jpg,PID008725.jpg
IID007592.jpg,PID000672.jpg
IID022089.jpg,PID001988.jpg
IID048464.jpg,PID005011.jpg
IID067648.jpg,PID007848.jpg
IID074800.jpg,PID008507.jpg
IID054213.jpg,PID005743.jpg
IID059723.jpg,PID006519.jpg
IID074068.jpg,PID008446.jpg
IID006233.jpg,PID000506.jpg
IID055642.jpg,PID005924.jpg
IID044937.jpg,PID004596.jpg
IID044175.jpg,PID004507.jpg
IID040191.jpg,PID004014.jpg
IID027831.jpg,PID002676.jpg
IID061141.jpg,PID006691.jpg
IID019057.jpg,PID001575.jpg
IID017883.jpg,PID001478.jpg
IID038595.jpg,PID003878.jpg
IID034778.jpg,PID003563.jpg
IID016326.jpg,PID001380.jpg
IID062457.jpg,PID006932.jpg
IID016905.jpg,PID001413.jpg
IID026642.jpg,PID002544.jpg
IID074404.jpg,PID008471.jpg
IID002177.jpg,PID000145.jpg
IID046859.jpg,PID004786.jpg
IID002613.jpg,PID000173.jpg
IID062715.jpg,PID006982.jpg
IID025473.jpg,PID002439.jpg
IID028523.jpg,PID002784.jpg
IID049804.jpg,PID005184.jpg
IID059839.jpg,PID006538.jpg
IID043026.jpg,PID004387.jpg
IID042753.jpg,PID004358.jpg
IID003165.jpg,PID000213.jpg
IID060829.jpg,PID006654.jpg
IID045328.jpg,PID004641.jpg
IID025886.jpg,PID002482.jpg
IID071483.jpg,PID008229.jpg
IID019231.jpg,PID001606.jpg
IID003962.jpg,PID000273.jpg
IID023404.jpg,PID002172.jpg
IID035815.jpg,PID003661.jpg
IID019529.jpg,PID001657.jpg
IID042099.jpg,PID004290.jpg
IID071244.jpg,PID008206.jpg
IID006392.jpg,PID000525.jpg
IID049661.jpg,PID005163.jpg
IID055658.jpg,PID005926.jpg
IID016533.jpg,PID001393.jpg
IID011828.jpg,PID001055.jpg
IID033735.jpg,PID003454.jpg
IID069029.jpg,PID007964.jpg
IID075130.jpg,PID008532.jpg
IID074622.jpg,PID008491.jpg
IID039540.jpg,PID003957.jpg
IID050613.jpg,PID005297.jpg
IID026631.jpg,PID002543.jpg
IID057305.jpg,PID006144.jpg
IID077116.jpg,PID008698.jpg
IID029988.jpg,PID002993.jpg
IID014755.jpg,PID001281.jpg
IID019833.jpg,PID001696.jpg
IID008612.jpg,PID000783.jpg
IID072679.jpg,PID008342.jpg
IID052797.jpg,PID005574.jpg
IID002400.jpg,PID000157.jpg
IID048527.jpg,PID005021.jpg
IID063532.jpg,PID007130.jpg
IID046829.jpg,PID004784.jpg
IID064125.jpg,PID007256.jpg
IID002227.jpg,PID000148.jpg
IID063288.jpg,PID007084.jpg
IID075324.jpg,PID008546.jpg
IID029586.jpg,PID002949.jpg
IID039273.jpg,PID003934.jpg
IID066767.jpg,PID007764.jpg
IID067721.jpg,PID007855.jpg
IID015611.jpg,PID001341.jpg
IID056047.jpg,PID005976.jpg
IID071522.jpg,PID008234.jpg
IID014693.jpg,PID001275.jpg
IID051366.jpg,PID005390.jpg
IID067507.jpg,PID007835.jpg
IID027731.jpg,PID002659.jpg
IID002102.jpg,PID000141.jpg
IID068184.jpg,PID007895.jpg
IID028036.jpg,PID002707.jpg
IID014169.jpg,PID001233.jpg
IID048955.jpg,PID005069.jpg
IID003789.jpg,PID000257.jpg
IID060522.jpg,PID006626.jpg
IID058837.jpg,PID006324.jpg
IID051482.jpg,PID005403.jpg
IID054830.jpg,PID005813.jpg
IID066384.jpg,PID007729.jpg
IID010342.jpg,PID000960.jpg
IID033760.jpg,PID003457.jpg
IID040237.jpg,PID004022.jpg
IID008147.jpg,PID000730.jpg
IID021503.jpg,PID001909.jpg
IID065655.jpg,PID007581.jpg
IID001945.jpg,PID000132.jpg
IID068915.jpg,PID007958.jpg
IID041108.jpg,PID004157.jpg
IID034341.jpg,PID003526.jpg
IID016581.jpg,PID001395.jpg
IID021388.jpg,PID001893.jpg
IID000764.jpg,PID000053.jpg
IID063283.jpg,PID007083.jpg
IID057288.jpg,PID006142.jpg
IID063868.jpg,PID007199.jpg
IID048542.jpg,PID005023.jpg
IID069669.jpg,PID008035.jpg
IID063081.jpg,PID007045.jpg
IID005514.jpg,PID000415.jpg
IID017643.jpg,PID001462.jpg
IID023218.jpg,PID002145.jpg
IID037142.jpg,PID003773.jpg
IID047828.jpg,PID004934.jpg
IID069569.jpg,PID008022.jpg
IID048545.jpg,PID005023.jpg
IID025245.jpg,PID002402.jpg
IID052257.jpg,PID005500.jpg
IID007207.jpg,PID000627.jpg
IID037750.jpg,PID003814.jpg
IID071373.jpg,PID008216.jpg
IID012715.jpg,PID001114.jpg
IID062252.jpg,PID006895.jpg
IID054685.jpg,PID005795.jpg
IID033522.jpg,PID003433.jpg
IID023890.jpg,PID002237.jpg
IID038822.jpg,PID003895.jpg
IID024271.jpg,PID002289.jpg
IID026330.jpg,PID002517.jpg
IID035751.jpg,PID003655.jpg
IID077505.jpg,PID008722.jpg
IID059844.jpg,PID006539.jpg
IID021888.jpg,PID001961.jpg
IID021740.jpg,PID001941.jpg
IID019401.jpg,PID001638.jpg
IID014832.jpg,PID001287.jpg
IID047390.jpg,PID004863.jpg
IID011735.jpg,PID001050.jpg
IID052216.jpg,PID005495.jpg
IID010974.jpg,PID001004.jpg
IID017392.jpg,PID001444.jpg
IID001959.jpg,PID000133.jpg
IID072983.jpg,PID008366.jpg
IID009269.jpg,PID000850.jpg
IID067646.jpg,PID007848.jpg
IID041555.jpg,PID004225.jpg
IID076856.jpg,PID008670.jpg
IID055257.jpg,PID005874.jpg
IID069820.jpg,PID008048.jpg
IID049324.jpg,PID005119.jpg
IID069962.jpg,PID008061.jpg
IID030945.jpg,PID003105.jpg
IID054909.jpg,PID005824.jpg
IID013492.jpg,PID001173.jpg
IID040261.jpg,PID004025.jpg
IID049482.jpg,PID005140.jpg
IID065694.jpg,PID007588.jpg
IID023031.jpg,PID002117.jpg
IID071137.jpg,PID008196.jpg
IID004350.jpg,PID000307.jpg
IID046241.jpg,PID004724.jpg
IID044310.jpg,PID004528.jpg
IID049328.jpg,PID005119.jpg
IID056100.jpg,PID005982.jpg
IID066221.jpg,PID007703.jpg
IID044927.jpg,PID004595.jpg
IID031663.jpg,PID003197.jpg
IID038585.jpg,PID003878.jpg
IID076442.jpg,PID008640.jpg
IID024787.jpg,PID002340.jpg
IID068220.jpg,PID007897.jpg
IID037312.jpg,PID003784.jpg
IID070768.jpg,PID008159.jpg
IID051363.jpg,PID005390.jpg
IID009809.jpg,PID000914.jpg
IID059021.jpg,PID006364.jpg
IID047797.jpg,PID004931.jpg
IID021258.jpg,PID001875.jpg
IID053661.jpg,PID005676.jpg
IID045525.jpg,PID004660.jpg
IID003830.jpg,PID000261.jpg
IID067008.jpg,PID007786.jpg
IID071221.jpg,PID008204.jpg
IID008237.jpg,PID000745.jpg
IID061581.jpg,PID006776.jpg
IID027626.jpg,PID002641.jpg
IID003468.jpg,PID000231.jpg
IID010759.jpg,PID000991.jpg
IID004091.jpg,PID000284.jpg
IID037543.jpg,PID003800.jpg
IID052526.jpg,PID005537.jpg
IID019389.jpg,PID001636.jpg
IID036172.jpg,PID003693.jpg
IID051993.jpg,PID005465.jpg
IID040892.jpg,PID004125.jpg
IID073633.jpg,PID008412.jpg
IID025103.jpg,PID002383.jpg
IID015429.jpg,PID001331.jpg
IID028794.jpg,PID002832.jpg
IID003059.jpg,PID000206.jpg
IID004554.jpg,PID000326.jpg
IID032827.jpg,PID003342.jpg
IID042236.jpg,PID004306.jpg
IID000288.jpg,PID000017.jpg
IID013815.jpg,PID001199.jpg
IID005602.jpg,PID000431.jpg
IID045727.jpg,PID004679.jpg
IID051915.jpg,PID005456.jpg
IID068429.jpg,PID007919.jpg
IID004477.jpg,PID000320.jpg
IID010491.jpg,PID000971.jpg
IID007778.jpg,PID000692.jpg
IID051965.jpg,PID005461.jpg
IID032181.jpg,PID003264.jpg
IID033454.jpg,PID003426.jpg
IID017739.jpg,PID001469.jpg
IID058790.jpg,PID006312.jpg
IID044915.jpg,PID004593.jpg
IID003333.jpg,PID000224.jpg
IID023033.jpg,PID002117.jpg
IID036068.jpg,PID003685.jpg
IID007809.jpg,PID000695.jpg
IID023805.jpg,PID002225.jpg
IID020622.jpg,PID001790.jpg
IID015351.jpg,PID001326.jpg
IID068556.jpg,PID007929.jpg
IID038440.jpg,PID003866.jpg
IID050039.jpg,PID005215.jpg
IID044851.jpg,PID004588.jpg
IID012393.jpg,PID001093.jpg
IID024215.jpg,PID002285.jpg
IID049335.jpg,PID005121.jpg
IID044739.jpg,PID004578.jpg
IID065642.jpg,PID007578.jpg
IID067840.jpg,PID007865.jpg
IID043995.jpg,PID004482.jpg
IID054901.jpg,PID005823.jpg
IID073680.jpg,PID008414.jpg
IID035838.jpg,PID003663.jpg
IID009379.jpg,PID000860.jpg
IID061166.jpg,PID006699.jpg
IID008161.jpg,PID000734.jpg
IID012534.jpg,PID001103.jpg
IID058270.jpg,PID006251.jpg
IID051601.jpg,PID005418.jpg
IID060433.jpg,PID006617.jpg
IID001272.jpg,PID000091.jpg
IID051264.jpg,PID005377.jpg
IID020281.jpg,PID001749.jpg
IID019450.jpg,PID001645.jpg
IID062871.jpg,PID007008.jpg
IID010975.jpg,PID001004.jpg
IID040148.jpg,PID004011.jpg
IID040270.jpg,PID004027.jpg
IID023940.jpg,PID002244.jpg
IID071276.jpg,PID008209.jpg
IID065073.jpg,PID007450.jpg
IID052545.jpg,PID005539.jpg
IID060326.jpg,PID006606.jpg
IID017102.jpg,PID001426.jpg
IID049421.jpg,PID005132.jpg
IID003682.jpg,PID000250.jpg
IID048016.jpg,PID004952.jpg
IID061267.jpg,PID006720.jpg
IID068710.jpg,PID007942.jpg
IID060500.jpg,PID006624.jpg
IID057200.jpg,PID006131.jpg
IID068452.jpg,PID007920.jpg
IID041064.jpg,PID004152.jpg
IID010138.jpg,PID000939.jpg
IID006593.jpg,PID000543.jpg
IID029560.jpg,PID002946.jpg
IID051926.jpg,PID005457.jpg
IID073898.jpg,PID008431.jpg
IID000850.jpg,PID000059.jpg
IID058398.jpg,PID006264.jpg
IID064113.jpg,PID007254.jpg
IID049380.jpg,PID005127.jpg
IID016011.jpg,PID001364.jpg
IID030703.jpg,PID003075.jpg
IID070163.jpg,PID008087.jpg
IID027172.jpg,PID002590.jpg
IID068047.jpg,PID007881.jpg
IID063046.jpg,PID007040.jpg
IID052288.jpg,PID005504.jpg
IID045460.jpg,PID004653.jpg
IID006795.jpg,PID000572.jpg
IID015729.jpg,PID001347.jpg
IID015582.jpg,PID001340.jpg
IID073170.jpg,PID008380.jpg
IID031971.jpg,PID003238.jpg
IID020709.jpg,PID001803.jpg
IID072683.jpg,PID008342.jpg
IID009425.jpg,PID000866.jpg
IID034660.jpg,PID003552.jpg
IID035799.jpg,PID003660.jpg
IID063051.jpg,PID007040.jpg
IID032597.jpg,PID003315.jpg
IID051266.jpg,PID005377.jpg
IID001815.jpg,PID000123.jpg
IID040824.jpg,PID004114.jpg
IID042032.jpg,PID004283.jpg
IID055744.jpg,PID005937.jpg
IID060310.jpg,PID006604.jpg
IID060491.jpg,PID006624.jpg
IID026349.jpg,PID002518.jpg
IID063636.jpg,PID007149.jpg
IID055847.jpg,PID005949.jpg
IID057939.jpg,PID006212.jpg
IID015706.jpg,PID001345.jpg
IID048660.jpg,PID005035.jpg
IID061429.jpg,PID006752.jpg
IID019014.jpg,PID001572.jpg
IID073290.jpg,PID008387.jpg
IID001181.jpg,PID000084.jpg
IID061876.jpg,PID006833.jpg
IID075441.jpg,PID008557.jpg
IID030012.jpg,PID002997.jpg
IID027773.jpg,PID002667.jpg
IID044036.jpg,PID004487.jpg
IID067933.jpg,PID007873.jpg
IID005958.jpg,PID000477.jpg
IID000119.jpg,PID000006.jpg
IID023941.jpg,PID002244.jpg
IID031985.jpg,PID003240.jpg
IID001692.jpg,PID000117.jpg
IID009055.jpg,PID000830.jpg
IID011080.jpg,PID001010.jpg
IID042246.jpg,PID004307.jpg
IID035404.jpg,PID003621.jpg
IID067974.jpg,PID007876.jpg
IID028358.jpg,PID002756.jpg
IID008256.jpg,PID000747.jpg
IID028285.jpg,PID002744.jpg
IID033448.jpg,PID003425.jpg
IID073748.jpg,PID008418.jpg
IID053178.jpg,PID005618.jpg
IID060246.jpg,PID006597.jpg
IID001998.jpg,PID000135.jpg
IID041017.jpg,PID004145.jpg
IID017127.jpg,PID001427.jpg
IID073578.jpg,PID008407.jpg
IID028930.jpg,PID002857.jpg
IID045652.jpg,PID004672.jpg
IID030595.jpg,PID003062.jpg
IID029700.jpg,PID002965.jpg
IID000827.jpg,PID000058.jpg
IID047264.jpg,PID004830.jpg
IID047003.jpg,PID004797.jpg
IID046121.jpg,PID004713.jpg
IID071053.jpg,PID008189.jpg
IID042679.jpg,PID004352.jpg
IID022992.jpg,PID002112.jpg
IID010154.jpg,PID000940.jpg
IID068638.jpg,PID007936.jpg
IID047751.jpg,PID004926.jpg
IID021895.jpg,PID001962.jpg
IID071084.jpg,PID008191.jpg
IID016076.jpg,PID001366.jpg
IID066224.jpg,PID007703.jpg
IID045707.jpg,PID004677.jpg
IID068727.jpg,PID007943.jpg
IID015721.jpg,PID001346.jpg
IID042732.jpg,PID004356.jpg
IID022133.jpg,PID001994.jpg
IID061077.jpg,PID006682.jpg
IID020680.jpg,PID001800.jpg
IID049803.jpg,PID005184.jpg
IID062503.jpg,PID006940.jpg
IID015104.jpg,PID001308.jpg
IID041417.jpg,PID004204.jpg
IID055955.jpg,PID005964.jpg
IID001274.jpg,PID000091.jpg
IID040828.jpg,PID004115.jpg
IID002920.jpg,PID000194.jpg
IID023680.jpg,PID002208.jpg
IID021301.jpg,PID001880.jpg
IID069937.jpg,PID008059.jpg
IID026434.jpg,PID002525.jpg
IID074376.jpg,PID008467.jpg
IID068536.jpg,PID007927.jpg
IID060187.jpg,PID006591.jpg
IID041370.jpg,PID004197.jpg
IID024171.jpg,PID002279.jpg
IID072299.jpg,PID008306.jpg
IID003371.jpg,PID000226.jpg
IID071485.jpg,PID008229.jpg
IID074460.jpg,PID008481.jpg
IID003722.jpg,PID000253.jpg
IID017314.jpg,PID001439.jpg
IID004639.jpg,PID000332.jpg
IID030184.jpg,PID003015.jpg
IID067877.jpg,PID007868.jpg
IID046262.jpg,PID004726.jpg
IID011915.jpg,PID001062.jpg
IID075678.jpg,PID008579.jpg
IID024982.jpg,PID002364.jpg
IID032547.jpg,PID003308.jpg
IID024554.jpg,PID002312.jpg
IID001251.jpg,PID000089.jpg
IID048396.jpg,PID005004.jpg
IID073056.jpg,PID008372.jpg
IID026222.jpg,PID002509.jpg
IID076024.jpg,PID008611.jpg
IID077344.jpg,PID008712.jpg
IID071187.jpg,PID008200.jpg
IID066615.jpg,PID007749.jpg
IID021492.jpg,PID001908.jpg
IID053573.jpg,PID005666.jpg
IID035707.jpg,PID003651.jpg
IID051836.jpg,PID005447.jpg
IID002996.jpg,PID000201.jpg
IID019124.jpg,PID001587.jpg
IID019508.jpg,PID001654.jpg
IID015591.jpg,PID001340.jpg
IID043851.jpg,PID004465.jpg
IID013953.jpg,PID001211.jpg
IID049602.jpg,PID005154.jpg
IID015451.jpg,PID001332.jpg
IID040486.jpg,PID004063.jpg
IID013449.jpg,PID001170.jpg
IID037890.jpg,PID003825.jpg
IID076405.jpg,PID008637.jpg
IID016698.jpg,PID001402.jpg
IID018536.jpg,PID001534.jpg
IID016673.jpg,PID001400.jpg
IID005169.jpg,PID000377.jpg
IID031943.jpg,PID003234.jpg
IID072979.jpg,PID008366.jpg
IID037458.jpg,PID003794.jpg
IID062501.jpg,PID006940.jpg
IID024901.jpg,PID002355.jpg
IID038959.jpg,PID003907.jpg
IID003504.jpg,PID000233.jpg
IID008103.jpg,PID000726.jpg
IID038531.jpg,PID003873.jpg
IID005462.jpg,PID000408.jpg
IID066491.jpg,PID007739.jpg
IID007436.jpg,PID000653.jpg
IID019239.jpg,PID001608.jpg
IID063303.jpg,PID007087.jpg
IID051274.jpg,PID005378.jpg
IID053173.jpg,PID005617.jpg
IID008952.jpg,PID000821.jpg
IID030974.jpg,PID003109.jpg
IID023767.jpg,PID002221.jpg
IID018334.jpg,PID001517.jpg
IID037922.jpg,PID003828.jpg
IID022994.jpg,PID002112.jpg
IID012306.jpg,PID001088.jpg
IID053415.jpg,PID005645.jpg
IID076659.jpg,PID008654.jpg
IID036630.jpg,PID003730.jpg
IID051259.jpg,PID005376.jpg
IID040004.jpg,PID004000.jpg
IID040327.jpg,PID004037.jpg
IID023110.jpg,PID002131.jpg
IID033608.jpg,PID003442.jpg
IID067932.jpg,PID007873.jpg
IID011585.jpg,PID001041.jpg
IID063617.jpg,PID007147.jpg
IID057346.jpg,PID006148.jpg
IID007556.jpg,PID000668.jpg
IID014427.jpg,PID001255.jpg
IID039650.jpg,PID003968.jpg
IID024286.jpg,PID002290.jpg
IID055542.jpg,PID005910.jpg
IID034898.jpg,PID003573.jpg
IID036641.jpg,PID003731.jpg
IID055368.jpg,PID005888.jpg
IID031290.jpg,PID003151.jpg
IID001210.jpg,PID000085.jpg
IID027862.jpg,PID002682.jpg
IID001003.jpg,PID000070.jpg
IID014223.jpg,PID001238.jpg
IID061386.jpg,PID006743.jpg
IID004612.jpg,PID000331.jpg
IID040491.jpg,PID004064.jpg
IID030796.jpg,PID003086.jpg
IID006164.jpg,PID000500.jpg
IID063576.jpg,PID007138.jpg
IID054508.jpg,PID005774.jpg
IID006893.jpg,PID000585.jpg
IID040062.jpg,PID004004.jpg
IID042836.jpg,PID004368.jpg
IID052255.jpg,PID005500.jpg
IID075048.jpg,PID008525.jpg
IID040848.jpg,PID004119.jpg
IID036979.jpg,PID003761.jpg
IID050681.jpg,PID005304.jpg
IID068006.jpg,PID007879.jpg
IID031098.jpg,PID003126.jpg
IID055089.jpg,PID005850.jpg
IID015164.jpg,PID001313.jpg
IID068932.jpg,PID007958.jpg
IID035390.jpg,PID003620.jpg
IID040851.jpg,PID004119.jpg
IID053555.jpg,PID005664.jpg
IID041314.jpg,PID004188.jpg
IID029019.jpg,PID002869.jpg
IID023803.jpg,PID002225.jpg
IID042281.jpg,PID004310.jpg
IID001903.jpg,PID000129.jpg
IID055419.jpg,PID005894.jpg
IID023823.jpg,PID002228.jpg
IID069451.jpg,PID008005.jpg
IID058344.jpg,PID006258.jpg
IID014555.jpg,PID001265.jpg
IID022629.jpg,PID002064.jpg
IID007838.jpg,PID000699.jpg
IID069375.jpg,PID007995.jpg
IID069721.jpg,PID008040.jpg
IID010210.jpg,PID000947.jpg
IID063893.jpg,PID007204.jpg
IID029351.jpg,PID002922.jpg
IID033090.jpg,PID003375.jpg
IID068332.jpg,PID007909.jpg
IID032948.jpg,PID003358.jpg
IID017790.jpg,PID001470.jpg
IID004343.jpg,PID000306.jpg
IID017168.jpg,PID001428.jpg
IID053682.jpg,PID005680.jpg
IID045636.jpg,PID004671.jpg
IID057233.jpg,PID006136.jpg
IID076888.jpg,PID008673.jpg
IID001674.jpg,PID000116.jpg
IID031757.jpg,PID003211.jpg
IID072128.jpg,PID008296.jpg
IID072477.jpg,PID008320.jpg
IID027737.jpg,PID002660.jpg
IID006293.jpg,PID000513.jpg
IID077019.jpg,PID008689.jpg
IID024673.jpg,PID002324.jpg
IID012507.jpg,PID001101.jpg
IID067876.jpg,PID007868.jpg
IID056252.jpg,PID005999.jpg
IID051502.jpg,PID005406.jpg
IID003997.jpg,PID000276.jpg
IID015123.jpg,PID001310.jpg
IID075790.jpg,PID008591.jpg
IID014749.jpg,PID001281.jpg
IID007737.jpg,PID000688.jpg
IID027159.jpg,PID002589.jpg
IID036864.jpg,PID003750.jpg
IID035876.jpg,PID003667.jpg
IID012299.jpg,PID001088.jpg
IID032380.jpg,PID003287.jpg
IID027003.jpg,PID002577.jpg
IID056118.jpg,PID005984.jpg
IID044545.jpg,PID004563.jpg
IID041430.jpg,PID004206.jpg
IID061500.jpg,PID006764.jpg
IID041837.jpg,PID004260.jpg
IID048401.jpg,PID005005.jpg
IID008715.jpg,PID000791.jpg
IID005703.jpg,PID000449.jpg
IID002438.jpg,PID000160.jpg
IID052633.jpg,PID005552.jpg
IID071181.jpg,PID008200.jpg
IID056168.jpg,PID005990.jpg
IID047805.jpg,PID004932.jpg
IID056044.jpg,PID005976.jpg
IID066393.jpg,PID007730.jpg
IID056691.jpg,PID006057.jpg
IID015916.jpg,PID001357.jpg
IID036258.jpg,PID003700.jpg
IID040805.jpg,PID004111.jpg
IID048738.jpg,PID005044.jpg
IID069497.jpg,PID008011.jpg
IID002331.jpg,PID000154.jpg
IID012356.jpg,PID001091.jpg
IID052539.jpg,PID005539.jpg
IID046626.jpg,PID004767.jpg
IID074355.jpg,PID008465.jpg
IID060582.jpg,PID006632.jpg
IID032389.jpg,PID003288.jpg
IID033399.jpg,PID003418.jpg
IID018965.jpg,PID001567.jpg
IID061418.jpg,PID006751.jpg
IID017020.jpg,PID001420.jpg
IID008965.jpg,PID000822.jpg
IID049829.jpg,PID005189.jpg
IID066644.jpg,PID007753.jpg
IID029666.jpg,PID002960.jpg
IID054002.jpg,PID005721.jpg
IID056585.jpg,PID006043.jpg
IID045950.jpg,PID004697.jpg
IID053302.jpg,PID005633.jpg
IID014785.jpg,PID001283.jpg
IID061565.jpg,PID006775.jpg
IID065716.jpg,PID007592.jpg
IID030826.jpg,PID003088.jpg
IID047532.jpg,PID004902.jpg
IID075502.jpg,PID008561.jpg
IID077105.jpg,PID008697.jpg
IID056584.jpg,PID006043.jpg
IID055606.jpg,PID005919.jpg
IID001494.jpg,PID000105.jpg
IID070659.jpg,PID008148.jpg
IID008232.jpg,PID000744.jpg
IID014508.jpg,PID001261.jpg
IID023616.jpg,PID002199.jpg
IID060196.jpg,PID006592.jpg
IID000919.jpg,PID000064.jpg
IID005404.jpg,PID000402.jpg
IID005613.jpg,PID000432.jpg
IID005443.jpg,PID000407.jpg
IID046559.jpg,PID004761.jpg
IID060254.jpg,PID006597.jpg
IID016269.jpg,PID001376.jpg
IID050030.jpg,PID005214.jpg
IID011281.jpg,PID001021.jpg
IID000677.jpg,PID000048.jpg
IID036877.jpg,PID003751.jpg
IID030464.jpg,PID003047.jpg
IID018769.jpg,PID001553.jpg
IID056905.jpg,PID006087.jpg
IID075447.jpg,PID008557.jpg
IID019055.jpg,PID001575.jpg
IID003538.jpg,PID000237.jpg
IID015311.jpg,PID001323.jpg
IID040202.jpg,PID004015.jpg
IID011310.jpg,PID001023.jpg
IID048940.jpg,PID005067.jpg
IID028350.jpg,PID002755.jpg
IID077207.jpg,PID008704.jpg
IID019137.jpg,PID001589.jpg
IID003973.jpg,PID000274.jpg
IID076889.jpg,PID008673.jpg
IID052050.jpg,PID005472.jpg
IID011985.jpg,PID001067.jpg
IID041987.jpg,PID004279.jpg
IID010725.jpg,PID000989.jpg
IID024131.jpg,PID002272.jpg
IID056991.jpg,PID006098.jpg
IID061543.jpg,PID006772.jpg
IID022560.jpg,PID002057.jpg
IID024998.jpg,PID002366.jpg
IID063579.jpg,PID007139.jpg
IID041832.jpg,PID004260.jpg
IID047131.jpg,PID004808.jpg
IID017502.jpg,PID001451.jpg
IID039121.jpg,PID003920.jpg
IID050851.jpg,PID005330.jpg
IID059204.jpg,PID006404.jpg
IID029508.jpg,PID002941.jpg
IID026031.jpg,PID002494.jpg
IID061253.jpg,PID006717.jpg
IID003224.jpg,PID000216.jpg
IID006796.jpg,PID000572.jpg
IID035270.jpg,PID003610.jpg
IID061248.jpg,PID006716.jpg
IID005241.jpg,PID000383.jpg
IID001086.jpg,PID000077.jpg
IID042852.jpg,PID004369.jpg
IID050268.jpg,PID005246.jpg
IID064405.jpg,PID007313.jpg
IID060998.jpg,PID006675.jpg
IID039294.jpg,PID003935.jpg
IID054494.jpg,PID005773.jpg
IID051489.jpg,PID005404.jpg
IID073436.jpg,PID008397.jpg
IID047170.jpg,PID004811.jpg
IID028648.jpg,PID002808.jpg
IID067353.jpg,PID007821.jpg
IID075797.jpg,PID008592.jpg
IID017869.jpg,PID001477.jpg
IID004446.jpg,PID000316.jpg
IID023014.jpg,PID002114.jpg
IID025161.jpg,PID002392.jpg
IID001047.jpg,PID000074.jpg
IID058939.jpg,PID006340.jpg
IID042693.jpg,PID004353.jpg
IID075929.jpg,PID008603.jpg
IID023502.jpg,PID002184.jpg
IID067723.jpg,PID007855.jpg
IID057069.jpg,PID006112.jpg
IID037801.jpg,PID003818.jpg
IID074674.jpg,PID008495.jpg
IID030206.jpg,PID003017.jpg
IID024452.jpg,PID002301.jpg
IID036631.jpg,PID003730.jpg
IID016166.jpg,PID001370.jpg
IID032108.jpg,PID003256.jpg
IID060630.jpg,PID006636.jpg
IID018667.jpg,PID001545.jpg
IID069594.jpg,PID008025.jpg
IID049821.jpg,PID005187.jpg
IID027273.jpg,PID002600.jpg
IID039973.jpg,PID003998.jpg
IID017603.jpg,PID001458.jpg
IID055976.jpg,PID005966.jpg
IID067472.jpg,PID007832.jpg
IID063438.jpg,PID007113.jpg
IID066808.jpg,PID007768.jpg
IID053751.jpg,PID005690.jpg
IID002464.jpg,PID000162.jpg
IID031807.jpg,PID003216.jpg
IID067689.jpg,PID007852.jpg
IID026208.jpg,PID002508.jpg
IID068532.jpg,PID007926.jpg
IID008708.jpg,PID000791.jpg
IID044253.jpg,PID004519.jpg
IID006834.jpg,PID000575.jpg
IID030370.jpg,PID003036.jpg
IID010959.jpg,PID001003.jpg
IID048459.jpg,PID005011.jpg
IID031191.jpg,PID003139.jpg
IID013506.jpg,PID001174.jpg
IID076499.jpg,PID008642.jpg
IID075483.jpg,PID008560.jpg
IID000503.jpg,PID000035.jpg
IID064083.jpg,PID007247.jpg
IID012197.jpg,PID001080.jpg
IID050051.jpg,PID005217.jpg
IID011461.jpg,PID001032.jpg
IID026105.jpg,PID002499.jpg
IID002397.jpg,PID000157.jpg
IID033881.jpg,PID003475.jpg
IID014333.jpg,PID001248.jpg
IID004845.jpg,PID000348.jpg
IID027087.jpg,PID002583.jpg
IID016006.jpg,PID001364.jpg
IID059376.jpg,PID006447.jpg
IID059804.jpg,PID006533.jpg
IID008135.jpg,PID000728.jpg
IID028460.jpg,PID002773.jpg
IID056334.jpg,PID006009.jpg
IID005398.jpg,PID000401.jpg
IID020192.jpg,PID001740.jpg
IID009903.jpg,PID000922.jpg
IID052449.jpg,PID005526.jpg
IID024814.jpg,PID002343.jpg
IID045396.jpg,PID004647.jpg
IID006970.jpg,PID000596.jpg
IID049066.jpg,PID005083.jpg
IID040536.jpg,PID004072.jpg
IID072373.jpg,PID008313.jpg
IID026608.jpg,PID002541.jpg
IID059745.jpg,PID006523.jpg
IID068391.jpg,PID007916.jpg
IID013050.jpg,PID001141.jpg
IID049905.jpg,PID005199.jpg
IID066184.jpg,PID007693.jpg
IID066262.jpg,PID007711.jpg
IID038560.jpg,PID003876.jpg
IID013301.jpg,PID001159.jpg
IID046716.jpg,PID004775.jpg
IID057337.jpg,PID006147.jpg
IID047107.jpg,PID004806.jpg
IID047617.jpg,PID004912.jpg
IID076087.jpg,PID008615.jpg
IID036556.jpg,PID003722.jpg
IID076707.jpg,PID008658.jpg
IID037823.jpg,PID003820.jpg
IID070534.jpg,PID008135.jpg
IID069350.jpg,PID007992.jpg
IID041477.jpg,PID004212.jpg
IID076937.jpg,PID008679.jpg
IID050326.jpg,PID005253.jpg
IID064747.jpg,PID007382.jpg
IID010423.jpg,PID000965.jpg
IID026857.jpg,PID002563.jpg
IID076077.jpg,PID008614.jpg
IID029443.jpg,PID002933.jpg
IID001243.jpg,PID000089.jpg
IID022420.jpg,PID002038.jpg
IID069280.jpg,PID007985.jpg
IID022834.jpg,PID002093.jpg
IID049788.jpg,PID005181.jpg
IID042216.jpg,PID004304.jpg
IID067650.jpg,PID007848.jpg
IID074605.jpg,PID008490.jpg
IID017402.jpg,PID001444.jpg
IID038022.jpg,PID003835.jpg
IID055340.jpg,PID005884.jpg
IID016766.jpg,PID001405.jpg
IID062109.jpg,PID006873.jpg
IID042857.jpg,PID004370.jpg
IID035683.jpg,PID003649.jpg
IID073392.jpg,PID008394.jpg
IID032340.jpg,PID003283.jpg
IID070835.jpg,PID008165.jpg
IID056978.jpg,PID006096.jpg
IID006027.jpg,PID000484.jpg
IID010636.jpg,PID000983.jpg
IID014010.jpg,PID001215.jpg
IID077369.jpg,PID008714.jpg
IID044217.jpg,PID004513.jpg
IID054975.jpg,PID005835.jpg
IID020712.jpg,PID001804.jpg
IID016252.jpg,PID001376.jpg
IID029195.jpg,PID002897.jpg
IID034150.jpg,PID003509.jpg
IID061315.jpg,PID006732.jpg
IID012435.jpg,PID001096.jpg
IID049947.jpg,PID005205.jpg
IID071541.jpg,PID008238.jpg
IID066744.jpg,PID007761.jpg
IID065340.jpg,PID007516.jpg
IID007850.jpg,PID000701.jpg
IID049770.jpg,PID005179.jpg
IID009187.jpg,PID000844.jpg
IID035623.jpg,PID003645.jpg
IID038913.jpg,PID003903.jpg
IID004110.jpg,PID000286.jpg
IID072739.jpg,PID008349.jpg
IID022718.jpg,PID002075.jpg
IID069052.jpg,PID007966.jpg
IID000098.jpg,PID000005.jpg
IID021033.jpg,PID001845.jpg
IID049585.jpg,PID005152.jpg
IID044627.jpg,PID004571.jpg
IID030926.jpg,PID003101.jpg
IID031772.jpg,PID003212.jpg
IID074403.jpg,PID008471.jpg
IID076904.jpg,PID008674.jpg
IID060372.jpg,PID006610.jpg
IID024454.jpg,PID002301.jpg
IID044855.jpg,PID004588.jpg
IID022671.jpg,PID002069.jpg
IID033648.jpg,PID003446.jpg
IID062569.jpg,PID006953.jpg
IID022633.jpg,PID002065.jpg
IID069619.jpg,PID008028.jpg
IID045681.jpg,PID004675.jpg
IID024589.jpg,PID002316.jpg
IID001973.jpg,PID000134.jpg
IID068636.jpg,PID007935.jpg
IID041267.jpg,PID004181.jpg
IID048354.jpg,PID004999.jpg
IID063064.jpg,PID007041.jpg
IID066634.jpg,PID007752.jpg
IID066842.jpg,PID007771.jpg
IID050046.jpg,PID005216.jpg
IID022942.jpg,PID002106.jpg
IID030072.jpg,PID003004.jpg
IID046259.jpg,PID004725.jpg
IID016679.jpg,PID001401.jpg
IID009276.jpg,PID000851.jpg
IID058339.jpg,PID006257.jpg
IID049733.jpg,PID005173.jpg
IID005436.jpg,PID000406.jpg
IID052475.jpg,PID005530.jpg
IID012965.jpg,PID001131.jpg
IID028397.jpg,PID002763.jpg
IID050522.jpg,PID005280.jpg
IID035938.jpg,PID003673.jpg
IID073995.jpg,PID008440.jpg
IID034587.jpg,PID003546.jpg
IID008607.jpg,PID000782.jpg
IID044236.jpg,PID004516.jpg
IID069194.jpg,PID007977.jpg
IID066207.jpg,PID007699.jpg
IID042932.jpg,PID004378.jpg
IID061703.jpg,PID006796.jpg
IID064740.jpg,PID007380.jpg
IID013251.jpg,PID001155.jpg
IID040664.jpg,PID004088.jpg
IID011003.jpg,PID001005.jpg
IID024478.jpg,PID002304.jpg
IID062000.jpg,PID006854.jpg
IID071987.jpg,PID008285.jpg
IID051465.jpg,PID005402.jpg
IID043066.jpg,PID004391.jpg
IID065769.jpg,PID007606.jpg
IID019712.jpg,PID001682.jpg
IID033439.jpg,PID003424.jpg
IID004317.jpg,PID000303.jpg
IID013860.jpg,PID001203.jpg
IID057333.jpg,PID006147.jpg
IID074158.jpg,PID008452.jpg
IID003902.jpg,PID000267.jpg
IID004758.jpg,PID000343.jpg
IID058373.jpg,PID006261.jpg
IID058756.jpg,PID006305.jpg
IID035711.jpg,PID003651.jpg
IID021633.jpg,PID001925.jpg
IID010833.jpg,PID000996.jpg
IID009191.jpg,PID000844.jpg
IID065870.jpg,PID007628.jpg
IID021554.jpg,PID001915.jpg
IID033884.jpg,PID003475.jpg
IID056825.jpg,PID006076.jpg
IID057721.jpg,PID006188.jpg
IID020311.jpg,PID001753.jpg
IID001931.jpg,PID000131.jpg
IID044965.jpg,PID004600.jpg
IID062577.jpg,PID006955.jpg
IID020549.jpg,PID001780.jpg
IID013960.jpg,PID001211.jpg
IID000937.jpg,PID000064.jpg
IID074411.jpg,PID008472.jpg
IID031592.jpg,PID003187.jpg
IID039417.jpg,PID003947.jpg
IID018278.jpg,PID001511.jpg
IID062513.jpg,PID006942.jpg
IID055991.jpg,PID005968.jpg
IID072448.jpg,PID008318.jpg
IID057787.jpg,PID006195.jpg
IID071078.jpg,PID008191.jpg
IID019031.jpg,PID001574.jpg
IID014226.jpg,PID001238.jpg
IID053995.jpg,PID005720.jpg
IID056458.jpg,PID006025.jpg
IID018049.jpg,PID001495.jpg
IID075551.jpg,PID008567.jpg
IID023456.jpg,PID002178.jpg
IID071138.jpg,PID008196.jpg
IID016869.jpg,PID001410.jpg
IID033533.jpg,PID003435.jpg
IID051446.jpg,PID005400.jpg
IID033716.jpg,PID003452.jpg
IID042638.jpg,PID004349.jpg
IID019093.jpg,PID001582.jpg
IID028669.jpg,PID002812.jpg
IID072405.jpg,PID008315.jpg
IID061208.jpg,PID006709.jpg
IID070149.jpg,PID008086.jpg
IID056657.jpg,PID006053.jpg
IID018544.jpg,PID001535.jpg
IID025717.jpg,PID002468.jpg
IID076613.jpg,PID008649.jpg
IID012572.jpg,PID001106.jpg
IID069869.jpg,PID008053.jpg
IID005623.jpg,PID000434.jpg
IID006453.jpg,PID000531.jpg
IID023626.jpg,PID002200.jpg
IID037014.jpg,PID003764.jpg
IID041812.jpg,PID004259.jpg
IID000770.jpg,PID000054.jpg
IID070285.jpg,PID008103.jpg
IID021462.jpg,PID001903.jpg
IID065742.jpg,PID007598.jpg
IID047886.jpg,PID004940.jpg
IID010598.jpg,PID000980.jpg
IID000501.jpg,PID000034.jpg
IID048521.jpg,PID005021.jpg
IID052735.jpg,PID005565.jpg
IID075995.jpg,PID008609.jpg
IID026668.jpg,PID002546.jpg
IID070683.jpg,PID008151.jpg
IID068448.jpg,PID007920.jpg
IID017514.jpg,PID001452.jpg
IID023117.jpg,PID002132.jpg
IID068729.jpg,PID007943.jpg
IID059678.jpg,PID006510.jpg
IID031185.jpg,PID003138.jpg
IID076100.jpg,PID008615.jpg
IID060070.jpg,PID006568.jpg
IID010592.jpg,PID000980.jpg
IID056091.jpg,PID005981.jpg
IID073747.jpg,PID008418.jpg
IID036318.jpg,PID003704.jpg
IID013257.jpg,PID001155.jpg
IID023590.jpg,PID002195.jpg
IID015543.jpg,PID001338.jpg
IID026143.jpg,PID002502.jpg
IID012894.jpg,PID001126.jpg
IID047567.jpg,PID004906.jpg
IID002467.jpg,PID000162.jpg
IID068451.jpg,PID007920.jpg
IID041384.jpg,PID004199.jpg
IID029027.jpg,PID002870.jpg
IID057458.jpg,PID006161.jpg
IID040772.jpg,PID004105.jpg
IID046958.jpg,PID004794.jpg
IID040397.jpg,PID004048.jpg
IID017542.jpg,PID001454.jpg
IID038697.jpg,PID003887.jpg
IID006000.jpg,PID000482.jpg
IID042091.jpg,PID004290.jpg
IID043962.jpg,PID004478.jpg
IID069233.jpg,PID007980.jpg
IID009024.jpg,PID000827.jpg
IID066434.jpg,PID007733.jpg
IID057708.jpg,PID006186.jpg
IID024340.jpg,PID002294.jpg
IID055690.jpg,PID005931.jpg
IID031857.jpg,PID003223.jpg
IID019832.jpg,PID001696.jpg
IID024456.jpg,PID002301.jpg
IID045000.jpg,PID004603.jpg
IID006190.jpg,PID000502.jpg
IID019035.jpg,PID001574.jpg
IID038241.jpg,PID003851.jpg
IID043791.jpg,PID004457.jpg
IID002511.jpg,PID000165.jpg
IID023830.jpg,PID002229.jpg
IID015381.jpg,PID001328.jpg
IID001751.jpg,PID000120.jpg
IID038260.jpg,PID003852.jpg
IID003502.jpg,PID000233.jpg
IID018526.jpg,PID001534.jpg
IID066828.jpg,PID007769.jpg
IID004903.jpg,PID000357.jpg
IID062072.jpg,PID006866.jpg
IID050065.jpg,PID005219.jpg
IID031845.jpg,PID003222.jpg
IID067760.jpg,PID007858.jpg
IID067568.jpg,PID007841.jpg
IID023750.jpg,PID002219.jpg
IID003764.jpg,PID000255.jpg
IID003011.jpg,PID000202.jpg
IID003319.jpg,PID000223.jpg
IID040170.jpg,PID004012.jpg
IID019751.jpg,PID001686.jpg
IID007849.jpg,PID000701.jpg
IID009247.jpg,PID000848.jpg
IID026061.jpg,PID002496.jpg
IID015731.jpg,PID001347.jpg
IID066939.jpg,PID007779.jpg
IID038254.jpg,PID003852.jpg
IID036852.jpg,PID003749.jpg
IID043480.jpg,PID004422.jpg
IID039345.jpg,PID003940.jpg
IID019026.jpg,PID001573.jpg
IID014530.jpg,PID001263.jpg
IID040034.jpg,PID004002.jpg
IID037151.jpg,PID003773.jpg
IID059299.jpg,PID006427.jpg
IID026047.jpg,PID002495.jpg
IID027114.jpg,PID002586.jpg
IID003286.jpg,PID000220.jpg
IID027960.jpg,PID002697.jpg
IID033842.jpg,PID003469.jpg
IID073599.jpg,PID008409.jpg
IID040619.jpg,PID004082.jpg